Name,descriptio,timestamp,begin,end,altitudeMo,tessellate,extrude,visibility,drawOrder,icon,Tipo_de_fi,Latitud,Longitud,Conducta_f,unnamed__1,unnamed__2,unnamed__3
Av. Juan B. Alberdi y Centenera,Tipo de fiscalizador: Analítica de video<br>Latitud: -34.622966<br>Longitud: -58.440641<br>Conducta fiscalizada: Semaforo rojo y senda peatonal<br>unnamed (1): <br>unnamed (2): <br>unnamed (3):,,,,,-1,0,-1,**********,,Analítica de video,-34.622966,-58.440641,Semaforo rojo y senda peatonal,,,
Av. Juan B. Justo y Av. San Martin,Tipo de fiscalizador: Analítica de video<br>Latitud: -34.604297<br>Longitud: -58.458469<br>Conducta fiscalizada: Semaforo rojo y senda peatonal<br>unnamed (1): <br>unnamed (2): <br>unnamed (3):,,,,,-1,0,-1,**********,,Analítica de video,-34.604297,-58.458469,Semaforo rojo y senda peatonal,,,
Av. Rivadavia  y Acoyte,Tipo de fiscalizador: Analítica de video<br>Latitud: -34.618142<br>Longitud: -58.436298<br>Conducta fiscalizada: Semaforo rojo y senda peatonal<br>unnamed (1): <br>unnamed (2): <br>unnamed (3):,,,,,-1,0,-1,**********,,Analítica de video,-34.618142,-58.436298,Semaforo rojo y senda peatonal,,,
Bernardo de Irigoyen y Carlos Calvo,Tipo de fiscalizador: Analítica de video<br>Latitud: -34.619889<br>Longitud: -58.380099<br>Conducta fiscalizada: Semaforo rojo y senda peatonal<br>unnamed (1): <br>unnamed (2): <br>unnamed (3):,,,,,-1,0,-1,**********,,Analítica de video,-34.619889,-58.380099,Semaforo rojo y senda peatonal,,,
Av. Córdoba y Jorge Newbery,Tipo de fiscalizador: Analítica de video<br>Latitud: -34.582759<br>Longitud: -58.448658<br>Conducta fiscalizada: Semaforo rojo y senda peatonal<br>unnamed (1): <br>unnamed (2): <br>unnamed (3):,,,,,-1,0,-1,**********,,Analítica de video,-34.582759,-58.448658,Semaforo rojo y senda peatonal,,,
Av. Rivadavia y Miralla,Tipo de fiscalizador: Analítica de video<br>Latitud: -34.639438<br>Longitud: -58.511638<br>Conducta fiscalizada: Semaforo rojo y senda peatonal<br>unnamed (1): <br>unnamed (2): <br>unnamed (3):,,,,,-1,0,-1,**********,,Analítica de video,-34.639438,-58.511638,Semaforo rojo y senda peatonal,,,
Rosario y Av. La Plata,Tipo de fiscalizador: Analítica de video<br>Latitud: -34.618271<br>Longitud: -58.428835<br>Conducta fiscalizada: Semaforo rojo y senda peatonal<br>unnamed (1): <br>unnamed (2): <br>unnamed (3):,,,,,-1,0,-1,**********,,Analítica de video,-34.618271,-58.428835,Semaforo rojo y senda peatonal,,,
Av. Córdoba y Scalabrini Ortiz,Tipo de fiscalizador: Analítica de video<br>Latitud: -34.594501<br>Longitud: -58.429909<br>Conducta fiscalizada: Semaforo rojo y senda peatonal<br>unnamed (1): <br>unnamed (2): <br>unnamed (3):,,,,,-1,0,-1,**********,,Analítica de video,-34.594501,-58.429909,Semaforo rojo y senda peatonal,,,
Av. Córdoba y Araoz,Tipo de fiscalizador: Analítica de video<br>Latitud: -34.595015<br>Longitud: -58.42907<br>Conducta fiscalizada: Semaforo rojo y senda peatonal<br>unnamed (1): <br>unnamed (2): <br>unnamed (3):,,,,,-1,0,-1,**********,,Analítica de video,-34.595015,-58.42907,Semaforo rojo y senda peatonal,,,
Av. Avellaneda y Donato Álvarez,Tipo de fiscalizador: Analítica de video<br>Latitud: -34.621358<br>Longitud: -58.456331<br>Conducta fiscalizada: Semaforo rojo y senda peatonal<br>unnamed (1): <br>unnamed (2): <br>unnamed (3):,,,,,-1,0,-1,**********,,Analítica de video,-34.621358,-58.456331,Semaforo rojo y senda peatonal,,,
Av. Mosconi y Argerich,Tipo de fiscalizador: Analítica de video<br>Latitud: -34.587088<br>Longitud: -58.50371<br>Conducta fiscalizada: Semaforo rojo y senda peatonal<br>unnamed (1): <br>unnamed (2): <br>unnamed (3):,,,,,-1,0,-1,**********,,Analítica de video,-34.587088,-58.50371,Semaforo rojo y senda peatonal,,,
Av. Paseo Colon e Independencia,Tipo de fiscalizador: Analítica de video<br>Latitud: -34.616929<br>Longitud: -58.3695<br>Conducta fiscalizada: Semaforo rojo y senda peatonal<br>unnamed (1): <br>unnamed (2): <br>unnamed (3):,,,,,-1,0,-1,**********,,Analítica de video,-34.616929,-58.3695,Semaforo rojo y senda peatonal,,,
Av. Caseros y La Rioja,Tipo de fiscalizador: Analítica de video<br>Latitud: -34.637243<br>Longitud: -58.405857<br>Conducta fiscalizada: Semaforo rojo y senda peatonal<br>unnamed (1): <br>unnamed (2): <br>unnamed (3):,,,,,-1,0,-1,**********,,Analítica de video,-34.637243,-58.405857,Semaforo rojo y senda peatonal,,,
Av. Cabildo y J. Hernández,Tipo de fiscalizador: Analítica de video<br>Latitud: -34.56547<br>Longitud: -58.453674<br>Conducta fiscalizada: Semaforo rojo y senda peatonal<br>unnamed (1): <br>unnamed (2): <br>unnamed (3):,,,,,-1,0,-1,**********,,Analítica de video,-34.56547,-58.453674,Semaforo rojo y senda peatonal,,,
Av. Gaona y Donato Álvarez,Tipo de fiscalizador: Analítica de video<br>Latitud: -34.613717<br>Longitud: -58.459266<br>Conducta fiscalizada: Semaforo rojo y senda peatonal<br>unnamed (1): <br>unnamed (2): <br>unnamed (3):,,,,,-1,0,-1,**********,,Analítica de video,-34.613717,-58.459266,Semaforo rojo y senda peatonal,,,
Av. Francisco Beiro y Av. Nazca,Tipo de fiscalizador: Analítica de video<br>Latitud: -34.595203<br>Longitud: -58.494458<br>Conducta fiscalizada: Semaforo rojo y senda peatonal<br>unnamed (1): <br>unnamed (2): <br>unnamed (3):,,,,,-1,0,-1,**********,,Analítica de video,-34.595203,-58.494458,Semaforo rojo y senda peatonal,,,
Av. Corrientes y Ecuador,Tipo de fiscalizador: Analítica de video<br>Latitud: -34.604302<br>Longitud: -58.40809<br>Conducta fiscalizada: Semaforo rojo y senda peatonal<br>unnamed (1): <br>unnamed (2): <br>unnamed (3):,,,,,-1,0,-1,**********,,Analítica de video,-34.604302,-58.40809,Semaforo rojo y senda peatonal,,,
Lima y Moreno,Tipo de fiscalizador: Analítica de video<br>Latitud: -34.611744<br>Longitud: -58.38189<br>Conducta fiscalizada: Semaforo rojo y senda peatonal<br>unnamed (1): <br>unnamed (2): <br>unnamed (3):,,,,,-1,0,-1,**********,,Analítica de video,-34.611744,-58.38189,Semaforo rojo y senda peatonal,,,
Av. Roca y Soldado de la Frontera,Tipo de fiscalizador: Analítica de video<br>Latitud: -34.689571<br>Longitud: -58.460538<br>Conducta fiscalizada: Semaforo rojo y senda peatonal<br>unnamed (1): <br>unnamed (2): <br>unnamed (3):,,,,,-1,0,-1,**********,,Analítica de video,-34.689571,-58.460538,Semaforo rojo y senda peatonal,,,
Av. Avellaneda y Nazca,Tipo de fiscalizador: Analítica de video<br>Latitud: -34.626386<br>Longitud: -58.471935<br>Conducta fiscalizada: Semaforo rojo y senda peatonal<br>unnamed (1): <br>unnamed (2): <br>unnamed (3):,,,,,-1,0,-1,**********,,Analítica de video,-34.626386,-58.471935,Semaforo rojo y senda peatonal,,,
Av. Independencia y Av. Entre Ríos,Tipo de fiscalizador: Analítica de video<br>Latitud: -34.618216<br>Longitud: -58.391386<br>Conducta fiscalizada: Semaforo rojo y senda peatonal<br>unnamed (1): <br>unnamed (2): <br>unnamed (3):,,,,,-1,0,-1,**********,,Analítica de video,-34.618216,-58.391386,Semaforo rojo y senda peatonal,,,
Av. Corrientes y Pueyrredón,Tipo de fiscalizador: Analítica de video<br>Latitud: -34.604455<br>Longitud: -58.40576<br>Conducta fiscalizada: Semaforo rojo y senda peatonal<br>unnamed (1): <br>unnamed (2): <br>unnamed (3):,,,,,-1,0,-1,**********,,Analítica de video,-34.604455,-58.40576,Semaforo rojo y senda peatonal,,,
Av. Álvarez Thomas y Av. Elcano,Tipo de fiscalizador: Analítica de video<br>Latitud: -34.578213<br>Longitud: -58.459804<br>Conducta fiscalizada: Semaforo rojo y senda peatonal<br>unnamed (1): <br>unnamed (2): <br>unnamed (3):,,,,,-1,0,-1,**********,,Analítica de video,-34.578213,-58.459804,Semaforo rojo y senda peatonal,,,
Av. San Juan y Lima,Tipo de fiscalizador: Analítica de video<br>Latitud: -34.622085<br>Longitud: -58.3817<br>Conducta fiscalizada: Semaforo rojo y senda peatonal<br>unnamed (1): <br>unnamed (2): <br>unnamed (3):,,,,,-1,0,-1,**********,,Analítica de video,-34.622085,-58.3817,Semaforo rojo y senda peatonal,,,
Av. Santa Fe y Bullrich,Tipo de fiscalizador: Analítica de video<br>Latitud: -34.578165<br>Longitud: -58.425927<br>Conducta fiscalizada: Semaforo rojo y senda peatonal<br>unnamed (1): <br>unnamed (2): <br>unnamed (3):,,,,,-1,0,-1,**********,,Analítica de video,-34.578165,-58.425927,Semaforo rojo y senda peatonal,,,
"Av. Alem, Leandro N. y Lavalle",Tipo de fiscalizador: Analítica de video<br>Latitud: -34.601708<br>Longitud: -58.370465<br>Conducta fiscalizada: Semaforo rojo y senda peatonal<br>unnamed (1): <br>unnamed (2): <br>unnamed (3):,,,,,-1,0,-1,**********,,Analítica de video,-34.601708,-58.370465,Semaforo rojo y senda peatonal,,,
Lima Oeste y Pavón,Tipo de fiscalizador: Analítica de video<br>Latitud: -34.626188<br>Longitud: -58.382137<br>Conducta fiscalizada: Semaforo rojo y senda peatonal<br>unnamed (1): <br>unnamed (2): <br>unnamed (3):,,,,,-1,0,-1,**********,,Analítica de video,-34.626188,-58.382137,Semaforo rojo y senda peatonal,,,
Av. Corrientes y Av. Dorrego,Tipo de fiscalizador: Analítica de video<br>Latitud: -34.591503<br>Longitud: -58.447929<br>Conducta fiscalizada: Semaforo rojo y senda peatonal<br>unnamed (1): <br>unnamed (2): <br>unnamed (3):,,,,,-1,0,-1,**********,,Analítica de video,-34.591503,-58.447929,Semaforo rojo y senda peatonal,,,
"Av. Ramos Mejia, Jose Maria, Dr. y Av.  Del Libertador",Tipo de fiscalizador: Analítica de video<br>Latitud: -34.592375<br>Longitud: -58.3751<br>Conducta fiscalizada: Semaforo rojo y senda peatonal<br>unnamed (1): <br>unnamed (2): <br>unnamed (3):,,,,,-1,0,-1,**********,,Analítica de video,-34.592375,-58.3751,Semaforo rojo y senda peatonal,,,
"Av. Corrientes y Av. Scalabrini Ortiz, Raul",Tipo de fiscalizador: Analítica de video<br>Latitud: -34.599702<br>Longitud: -58.439103<br>Conducta fiscalizada: Semaforo rojo y senda peatonal<br>unnamed (1): <br>unnamed (2): <br>unnamed (3):,,,,,-1,0,-1,**********,,Analítica de video,-34.599702,-58.439103,Semaforo rojo y senda peatonal,,,
Av. Cabildo y Deheza,Tipo de fiscalizador: Analítica de video<br>Latitud: -34.541313<br>Longitud: -58.4741<br>Conducta fiscalizada: Semaforo rojo y senda peatonal<br>unnamed (1): <br>unnamed (2): <br>unnamed (3):,,,,,-1,0,-1,**********,,Analítica de video,-34.541313,-58.4741,Semaforo rojo y senda peatonal,,,
Av. Rivadavia y Av. Nazca,Tipo de fiscalizador: Analítica de video<br>Latitud: -34.630945<br>Longitud: -58.470222<br>Conducta fiscalizada: Semaforo rojo y senda peatonal<br>unnamed (1): <br>unnamed (2): <br>unnamed (3):,,,,,-1,0,-1,**********,,Analítica de video,-34.630945,-58.470222,Semaforo rojo y senda peatonal,,,
Av. Las Heras y Av. Pueyrredon,Tipo de fiscalizador: Analítica de video<br>Latitud: -34.587636<br>Longitud: -58.396884<br>Conducta fiscalizada: Semaforo rojo y senda peatonal<br>unnamed (1): <br>unnamed (2): <br>unnamed (3):,,,,,-1,0,-1,**********,,Analítica de video,-34.587636,-58.396884,Semaforo rojo y senda peatonal,,,
Av. Santa Fe y Ecuador,Tipo de fiscalizador: Analítica de video<br>Latitud: -34.594037<br>Longitud: -58.403927<br>Conducta fiscalizada: Semaforo rojo y senda peatonal<br>unnamed (1): <br>unnamed (2): <br>unnamed (3):,,,,,-1,0,-1,**********,,Analítica de video,-34.594037,-58.403927,Semaforo rojo y senda peatonal,,,
Av. Belgrano y 24 De Noviembre,Tipo de fiscalizador: Analítica de video<br>Latitud: -34.615429<br>Longitud: -58.41145<br>Conducta fiscalizada: Semaforo rojo y senda peatonal<br>unnamed (1): <br>unnamed (2): <br>unnamed (3):,,,,,-1,0,-1,**********,,Analítica de video,-34.615429,-58.41145,Semaforo rojo y senda peatonal,,,
Av. Independencia y Rincon,Tipo de fiscalizador: Analítica de video<br>Latitud: -34.618439<br>Longitud: -58.395642<br>Conducta fiscalizada: Semaforo rojo y senda peatonal<br>unnamed (1): <br>unnamed (2): <br>unnamed (3):,,,,,-1,0,-1,**********,,Analítica de video,-34.618439,-58.395642,Semaforo rojo y senda peatonal,,,
Av. Rivadavia y Av. Jujuy,Tipo de fiscalizador: Analítica de video<br>Latitud: -34.610028<br>Longitud: -58.405626<br>Conducta fiscalizada: Semaforo rojo y senda peatonal<br>unnamed (1): <br>unnamed (2): <br>unnamed (3):,,,,,-1,0,-1,**********,,Analítica de video,-34.610028,-58.405626,Semaforo rojo y senda peatonal,,,
"Av. Rabanal, Francisco, Intendente y Av. del Barco Centenera",Tipo de fiscalizador: Analítica de video<br>Latitud: -34.65505<br>Longitud: -58.417844<br>Conducta fiscalizada: Semaforo rojo y senda peatonal<br>unnamed (1): <br>unnamed (2): <br>unnamed (3):,,,,,-1,0,-1,**********,,Analítica de video,-34.65505,-58.417844,Semaforo rojo y senda peatonal,,,
Av. Belgrano y Balcarce,Tipo de fiscalizador: Analítica de video<br>Latitud: -34.612478<br>Longitud: -58.37087<br>Conducta fiscalizada: Semaforo rojo y senda peatonal<br>unnamed (1): <br>unnamed (2): <br>unnamed (3):,,,,,-1,0,-1,**********,,Analítica de video,-34.612478,-58.37087,Semaforo rojo y senda peatonal,,,
Virrey Vértiz y Echeverría,Tipo de fiscalizador: Analítica de video<br>Latitud: -34.55901<br>Longitud: -58.449781<br>Conducta fiscalizada: Semaforo rojo y senda peatonal<br>unnamed (1): <br>unnamed (2): <br>unnamed (3):,,,,,-1,0,-1,**********,,Analítica de video,-34.55901,-58.449781,Semaforo rojo y senda peatonal,,,
Av. Paseo Colón y Av.  Belgrano,Tipo de fiscalizador: Analítica de video<br>Latitud: -34.612574<br>Longitud: -58.369123<br>Conducta fiscalizada: Semaforo rojo y senda peatonal<br>unnamed (1): <br>unnamed (2): <br>unnamed (3):,,,,,-1,0,-1,**********,,Analítica de video,-34.612574,-58.369123,Semaforo rojo y senda peatonal,,,
Av. Sáenz y Beazley,Tipo de fiscalizador: Analítica de video<br>Latitud: -34.655026<br>Longitud: -58.416282<br>Conducta fiscalizada: Semaforo rojo y senda peatonal<br>unnamed (1): <br>unnamed (2): <br>unnamed (3):,,,,,-1,0,-1,**********,,Analítica de video,-34.655026,-58.416282,Semaforo rojo y senda peatonal,,,
Vuelta de obligado y Mendoza,Tipo de fiscalizador: Analítica de video<br>Latitud: -34.560615<br>Longitud: -58.456349<br>Conducta fiscalizada: Semaforo rojo y senda peatonal<br>unnamed (1): <br>unnamed (2): <br>unnamed (3):,,,,,-1,0,-1,**********,,Analítica de video,-34.560615,-58.456349,Semaforo rojo y senda peatonal,,,
Av. Olivera y Rafaela,Tipo de fiscalizador: Analítica de video<br>Latitud: -34.637607<br>Longitud: -58.487021<br>Conducta fiscalizada: Semaforo rojo y senda peatonal<br>unnamed (1): <br>unnamed (2): <br>unnamed (3):,,,,,-1,0,-1,**********,,Analítica de video,-34.637607,-58.487021,Semaforo rojo y senda peatonal,,,
Av. Entre Ríos y Av. Brasil,Tipo de fiscalizador: Analítica de video<br>Latitud: -34.629582<br>Longitud: -58.39081<br>Conducta fiscalizada: Semaforo rojo y senda peatonal<br>unnamed (1): <br>unnamed (2): <br>unnamed (3):,,,,,-1,0,-1,**********,,Analítica de video,-34.629582,-58.39081,Semaforo rojo y senda peatonal,,,
Vedia y Superi,Tipo de fiscalizador: Analítica de video<br>Latitud: -34.544174<br>Longitud: -58.485923<br>Conducta fiscalizada: Semaforo rojo y senda peatonal<br>unnamed (1): <br>unnamed (2): <br>unnamed (3):,,,,,-1,0,-1,**********,,Analítica de video,-34.544174,-58.485923,Semaforo rojo y senda peatonal,,,
Av. Juan de Garay y Av. Entre Ríos,Tipo de fiscalizador: Analítica de video<br>Latitud: -34.627179<br>Longitud: -58.390844<br>Conducta fiscalizada: Semaforo rojo y senda peatonal<br>unnamed (1): <br>unnamed (2): <br>unnamed (3):,,,,,-1,0,-1,**********,,Analítica de video,-34.627179,-58.390844,Semaforo rojo y senda peatonal,,,
Av. Lisandro de la Torre y Tonelero,Tipo de fiscalizador: Analítica de video<br>Latitud: -34.646073<br>Longitud: -58.520358<br>Conducta fiscalizada: Semaforo rojo y senda peatonal<br>unnamed (1): <br>unnamed (2): <br>unnamed (3):,,,,,-1,0,-1,**********,,Analítica de video,-34.646073,-58.520358,Semaforo rojo y senda peatonal,,,
Av. Montes de Oca y California,Tipo de fiscalizador: Analítica de video<br>Latitud: -34.646427<br>Longitud: -58.373267<br>Conducta fiscalizada: Semaforo rojo y senda peatonal<br>unnamed (1): <br>unnamed (2): <br>unnamed (3):,,,,,-1,0,-1,**********,,Analítica de video,-34.646427,-58.373267,Semaforo rojo y senda peatonal,,,
Av. Rivadavia y Granaderos,Tipo de fiscalizador: Analítica de video<br>Latitud: -34.627722<br>Longitud: -58.45908<br>Conducta fiscalizada: Semaforo rojo y senda peatonal<br>unnamed (1): <br>unnamed (2): <br>unnamed (3):,,,,,-1,0,-1,**********,,Analítica de video,-34.627722,-58.45908,Semaforo rojo y senda peatonal,,,
Av. Rivadavia y Manzoni,Tipo de fiscalizador: Analítica de video<br>Latitud: -34.637562<br>Longitud: -58.499765<br>Conducta fiscalizada: Semaforo rojo y senda peatonal<br>unnamed (1): <br>unnamed (2): <br>unnamed (3):,,,,,-1,0,-1,**********,,Analítica de video,-34.637562,-58.499765,Semaforo rojo y senda peatonal,,,
Av. Juan B. Justo  y Andres Lamas,Tipo de fiscalizador: Analítica de video<br>Latitud: -34.610332<br>Longitud: -58.466308<br>Conducta fiscalizada: Semaforo rojo y senda peatonal<br>unnamed (1): <br>unnamed (2): <br>unnamed (3):,,,,,-1,0,-1,**********,,Analítica de video,-34.610332,-58.466308,Semaforo rojo y senda peatonal,,,
Av. Del Libertador y La Pampa,Tipo de fiscalizador: Analítica de video<br>Latitud: -34.559307<br>Longitud: -58.4456<br>Conducta fiscalizada: Semaforo rojo y senda peatonal<br>unnamed (1): <br>unnamed (2): <br>unnamed (3):,,,,,-1,0,-1,**********,,Analítica de video,-34.559307,-58.4456,Semaforo rojo y senda peatonal,,,
Av. Varela y Av. Fernandez de la Cruz,Tipo de fiscalizador: Analítica de video<br>Latitud: -34.655312<br>Longitud: -58.438756<br>Conducta fiscalizada: Semaforo rojo y senda peatonal<br>unnamed (1): <br>unnamed (2): <br>unnamed (3):,,,,,-1,0,-1,**********,,Analítica de video,-34.655312,-58.438756,Semaforo rojo y senda peatonal,,,
Av. San Martín y Tres Arroyos,Tipo de fiscalizador: Analítica de video<br>Latitud: -34.605595<br>Longitud: -58.454503<br>Conducta fiscalizada: Semaforo rojo y senda peatonal<br>unnamed (1): <br>unnamed (2): <br>unnamed (3):,,,,,-1,0,-1,**********,,Analítica de video,-34.605595,-58.454503,Semaforo rojo y senda peatonal,,,
Billinghurst y Perón y Sarmiento,Tipo de fiscalizador: Analítica de video<br>Latitud: -34.606264<br>Longitud: -58.416185<br>Conducta fiscalizada: Semaforo rojo y senda peatonal<br>unnamed (1): <br>unnamed (2): <br>unnamed (3):,,,,,-1,0,-1,**********,,Analítica de video,-34.606264,-58.416185,Semaforo rojo y senda peatonal,,,
Montevideo y Perón y Sarmiento,Tipo de fiscalizador: Analítica de video<br>Latitud: -34.605951<br>Longitud: -58.389322<br>Conducta fiscalizada: Semaforo rojo y senda peatonal<br>unnamed (1): <br>unnamed (2): <br>unnamed (3):,,,,,-1,0,-1,**********,,Analítica de video,-34.605951,-58.389322,Semaforo rojo y senda peatonal,,,
Av Córdoba y Gascon y A. Figueroa,Tipo de fiscalizador: Analítica de video<br>Latitud: -34.597766<br>Longitud: -58.42255<br>Conducta fiscalizada: Semaforo rojo y senda peatonal<br>unnamed (1): <br>unnamed (2): <br>unnamed (3):,,,,,-1,0,-1,**********,,Analítica de video,-34.597766,-58.42255,Semaforo rojo y senda peatonal,,,
Av. Corrientes y Av. Pueyrredon y Paso,Tipo de fiscalizador: Analítica de video<br>Latitud: -34.604598<br>Longitud: -58.404464<br>Conducta fiscalizada: Semaforo rojo y senda peatonal<br>unnamed (1): <br>unnamed (2): <br>unnamed (3):,,,,,-1,0,-1,**********,,Analítica de video,-34.604598,-58.404464,Semaforo rojo y senda peatonal,,,
Av. Carlos Calvo y Rincon y Sarandi,Tipo de fiscalizador: Analítica de video<br>Latitud: -34.620579<br>Longitud: -58.395031<br>Conducta fiscalizada: Semaforo rojo y senda peatonal<br>unnamed (1): <br>unnamed (2): <br>unnamed (3):,,,,,-1,0,-1,**********,,Analítica de video,-34.620579,-58.395031,Semaforo rojo y senda peatonal,,,
Bonifacio y Culpina y Varela,Tipo de fiscalizador: Analítica de video<br>Latitud: -34.633404<br>Longitud: -58.464669<br>Conducta fiscalizada: Semaforo rojo y senda peatonal<br>unnamed (1): <br>unnamed (2): <br>unnamed (3):,,,,,-1,0,-1,**********,,Analítica de video,-34.633404,-58.464669,Semaforo rojo y senda peatonal,,,
Gorriti  y Godoy Cruz y Uriarte,Tipo de fiscalizador: Analítica de video<br>Latitud: -34.587803<br>Longitud: -58.433528<br>Conducta fiscalizada: Semaforo rojo y senda peatonal<br>unnamed (1): <br>unnamed (2): <br>unnamed (3):,,,,,-1,0,-1,**********,,Analítica de video,-34.587803,-58.433528,Semaforo rojo y senda peatonal,,,
Av. Del libertador y Ugarteche y Av. Scalabrini Ortiz,Tipo de fiscalizador: Analítica de video<br>Latitud: -34.57744<br>Longitud: -58.409081<br>Conducta fiscalizada: Semaforo rojo y senda peatonal<br>unnamed (1): <br>unnamed (2): <br>unnamed (3):,,,,,-1,0,-1,**********,,Analítica de video,-34.57744,-58.409081,Semaforo rojo y senda peatonal,,,
Pola  y Av. J.B.Alberdi y Bragado,Tipo de fiscalizador: Analítica de video<br>Latitud: -34.65022<br>Longitud: -58.500024<br>Conducta fiscalizada: Semaforo rojo y senda peatonal<br>unnamed (1): <br>unnamed (2): <br>unnamed (3):,,,,,-1,0,-1,**********,,Analítica de video,-34.65022,-58.500024,Semaforo rojo y senda peatonal,,,
Ceretti y Av. Monroe y Blanco Encalada,Tipo de fiscalizador: Analítica de video<br>Latitud: -34.578624<br>Longitud: -58.492704<br>Conducta fiscalizada: Semaforo rojo y senda peatonal<br>unnamed (1): <br>unnamed (2): <br>unnamed (3):,,,,,-1,0,-1,**********,,Analítica de video,-34.578624,-58.492704,Semaforo rojo y senda peatonal,,,
Amenabar y Av. Olazabal y Av Mendoza,Tipo de fiscalizador: Analítica de video<br>Latitud: -34.561619<br>Longitud: -58.459862<br>Conducta fiscalizada: Semaforo rojo y senda peatonal<br>unnamed (1): <br>unnamed (2): <br>unnamed (3):,,,,,-1,0,-1,**********,,Analítica de video,-34.561619,-58.459862,Semaforo rojo y senda peatonal,,,
Cesar Díaz y Av. Nazca y Terrada,Tipo de fiscalizador: Analítica de video<br>Latitud: -34.614077<br>Longitud: -58.478324<br>Conducta fiscalizada: Semaforo rojo y senda peatonal<br>unnamed (1): <br>unnamed (2): <br>unnamed (3):,,,,,-1,0,-1,**********,,Analítica de video,-34.614077,-58.478324,Semaforo rojo y senda peatonal,,,
Av. Corrientes y Serrano y thames,Tipo de fiscalizador: Analítica de video<br>Latitud: -34.595842<br>Longitud: -58.443082<br>Conducta fiscalizada: Semaforo rojo y senda peatonal<br>unnamed (1): <br>unnamed (2): <br>unnamed (3):,,,,,-1,0,-1,**********,,Analítica de video,-34.595842,-58.443082,Semaforo rojo y senda peatonal,,,
Superi y Sucre y La pampa,Tipo de fiscalizador: Analítica de video<br>Latitud: -34.570184<br>Longitud: -58.464529<br>Conducta fiscalizada: Semaforo rojo y senda peatonal<br>unnamed (1): <br>unnamed (2): <br>unnamed (3):,,,,,-1,0,-1,**********,,Analítica de video,-34.570184,-58.464529,Semaforo rojo y senda peatonal,,,
Elpidio gonzalez y Av. Chivilcoy y Mercedes,Tipo de fiscalizador: Analítica de video<br>Latitud: -34.61778<br>Longitud: -58.495949<br>Conducta fiscalizada: Semaforo rojo y senda peatonal<br>unnamed (1): <br>unnamed (2): <br>unnamed (3):,,,,,-1,0,-1,**********,,Analítica de video,-34.61778,-58.495949,Semaforo rojo y senda peatonal,,,
Lima este y Av. Juan de Garay,Tipo de fiscalizador: Analítica de video<br>Latitud: -34.626015<br>Longitud: -58.380434<br>Conducta fiscalizada: Semaforo rojo y senda peatonal<br>unnamed (1): <br>unnamed (2): <br>unnamed (3):,,,,,-1,0,-1,**********,,Analítica de video,-34.626015,-58.380434,Semaforo rojo y senda peatonal,,,
Av. Callao y Paraguay,Tipo de fiscalizador: Analítica de video<br>Latitud: -34.598937<br>Longitud: -58.393118<br>Conducta fiscalizada: Semaforo rojo y senda peatonal<br>unnamed (1): <br>unnamed (2): <br>unnamed (3):,,,,,-1,0,-1,**********,,Analítica de video,-34.598937,-58.393118,Semaforo rojo y senda peatonal,,,
Av. Pueyrredon y Perón,Tipo de fiscalizador: Analítica de video<br>Latitud: -34.607412<br>Longitud: -58.406237<br>Conducta fiscalizada: Semaforo rojo y senda peatonal<br>unnamed (1): <br>unnamed (2): <br>unnamed (3):,,,,,-1,0,-1,**********,,Analítica de video,-34.607412,-58.406237,Semaforo rojo y senda peatonal,,,
Lima y Constitución,Tipo de fiscalizador: Analítica de video<br>Latitud: -34.62437<br>Longitud: -58.381509<br>Conducta fiscalizada: Semaforo rojo y senda peatonal<br>unnamed (1): <br>unnamed (2): <br>unnamed (3):,,,,,-1,0,-1,**********,,Analítica de video,-34.62437,-58.381509,Semaforo rojo y senda peatonal,,,
Av. Córdoba y Ayacucho,Tipo de fiscalizador: Analítica de video<br>Latitud: -34.599733<br>Longitud: -58.395432<br>Conducta fiscalizada: Semaforo rojo y senda peatonal<br>unnamed (1): <br>unnamed (2): <br>unnamed (3):,,,,,-1,0,-1,**********,,Analítica de video,-34.599733,-58.395432,Semaforo rojo y senda peatonal,,,
Av. Entre Ríos y Moreno,Tipo de fiscalizador: Analítica de video<br>Latitud: -34.612885<br>Longitud: -58.391654<br>Conducta fiscalizada: Semaforo rojo y senda peatonal<br>unnamed (1): <br>unnamed (2): <br>unnamed (3):,,,,,-1,0,-1,**********,,Analítica de video,-34.612885,-58.391654,Semaforo rojo y senda peatonal,,,
Av. Rivadavia y Del Barco Centenera,Tipo de fiscalizador: Analítica de video<br>Latitud: -34.62026<br>Longitud: -58.440989<br>Conducta fiscalizada: Semaforo rojo y senda peatonal<br>unnamed (1): <br>unnamed (2): <br>unnamed (3):,,,,,-1,0,-1,**********,,Analítica de video,-34.62026,-58.440989,Semaforo rojo y senda peatonal,,,
Av. Rivadavia y Culpina/Condarco,Tipo de fiscalizador: Analítica de video<br>Latitud: -34.630187<br>Longitud: -58.467169<br>Conducta fiscalizada: Semaforo rojo y senda peatonal<br>unnamed (1): <br>unnamed (2): <br>unnamed (3):,,,,,-1,0,-1,**********,,Analítica de video,-34.630187,-58.467169,Semaforo rojo y senda peatonal,,,
Suarez e Isabel La Catolica,Tipo de fiscalizador: Analítica de video<br>Latitud: -34.638477<br>Longitud: -58.373696<br>Conducta fiscalizada: Semaforo rojo y senda peatonal<br>unnamed (1): <br>unnamed (2): <br>unnamed (3):,,,,,-1,0,-1,**********,,Analítica de video,-34.638477,-58.373696,Semaforo rojo y senda peatonal,,,
"Av. Lacroze, Federico y Av. Corrientes",Tipo de fiscalizador: Analítica de video<br>Latitud: -34.586789<br>Longitud: -58.455128<br>Conducta fiscalizada: Semaforo rojo y senda peatonal<br>unnamed (1): <br>unnamed (2): <br>unnamed (3):,,,,,-1,0,-1,**********,,Analítica de video,-34.586789,-58.455128,Semaforo rojo y senda peatonal,,,
"Av. Forest y Av. Lacroze, Federico",Tipo de fiscalizador: Analítica de video<br>Latitud: -34.58498<br>Longitud: -58.454258<br>Conducta fiscalizada: Semaforo rojo y senda peatonal<br>unnamed (1): <br>unnamed (2): <br>unnamed (3):,,,,,-1,0,-1,**********,,Analítica de video,-34.58498,-58.454258,Semaforo rojo y senda peatonal,,,
"Av. Lacroze, Federico y Zapata",Tipo de fiscalizador: Analítica de video<br>Latitud: -34.57109<br>Longitud: -58.44544<br>Conducta fiscalizada: Semaforo rojo y senda peatonal<br>unnamed (1): <br>unnamed (2): <br>unnamed (3):,,,,,-1,0,-1,**********,,Analítica de video,-34.57109,-58.44544,Semaforo rojo y senda peatonal,,,
Perón y Castelli,Tipo de fiscalizador: Analítica de video<br>Latitud: -34.607558<br>Longitud: -58.404517<br>Conducta fiscalizada: Semaforo rojo y senda peatonal<br>unnamed (1): <br>unnamed (2): <br>unnamed (3):,,,,,-1,0,-1,**********,,Analítica de video,-34.607558,-58.404517,Semaforo rojo y senda peatonal,,,
Larrea y Lavalle,Tipo de fiscalizador: Analítica de video<br>Latitud: -34.603658<br>Longitud: -58.402165<br>Conducta fiscalizada: Semaforo rojo y senda peatonal<br>unnamed (1): <br>unnamed (2): <br>unnamed (3):,,,,,-1,0,-1,**********,,Analítica de video,-34.603658,-58.402165,Semaforo rojo y senda peatonal,,,
Av. Pueyrredon y Av. Santa Fe,Tipo de fiscalizador: Analítica de video<br>Latitud: -34.594049<br>Longitud: -58.402296<br>Conducta fiscalizada: Semaforo rojo y senda peatonal<br>unnamed (1): <br>unnamed (2): <br>unnamed (3):,,,,,-1,0,-1,**********,,Analítica de video,-34.594049,-58.402296,Semaforo rojo y senda peatonal,,,
"Av. Callao y Lopez, Vicente",Tipo de fiscalizador: Analítica de video<br>Latitud: -34.591017<br>Longitud: -58.391207<br>Conducta fiscalizada: Semaforo rojo y senda peatonal<br>unnamed (1): <br>unnamed (2): <br>unnamed (3):,,,,,-1,0,-1,**********,,Analítica de video,-34.591017,-58.391207,Semaforo rojo y senda peatonal,,,
Av. Nazca y Avellaneda,Tipo de fiscalizador: Analítica de video<br>Latitud: -34.626679<br>Longitud: -58.471339<br>Conducta fiscalizada: Semaforo rojo y senda peatonal<br>unnamed (1): <br>unnamed (2): <br>unnamed (3):,,,,,-1,0,-1,**********,,Analítica de video,-34.626679,-58.471339,Semaforo rojo y senda peatonal,,,
Av. Boedo y Av. San Juan,Tipo de fiscalizador: Analítica de video<br>Latitud: -34.625109<br>Longitud: -58.416197<br>Conducta fiscalizada: Semaforo rojo y senda peatonal<br>unnamed (1): <br>unnamed (2): <br>unnamed (3):,,,,,-1,0,-1,**********,,Analítica de video,-34.625109,-58.416197,Semaforo rojo y senda peatonal,,,
Av. Scalabrini Ortiz y Gorriti,Tipo de fiscalizador: Analítica de video<br>Latitud: -34.592409<br>Longitud: -58.427077<br>Conducta fiscalizada: Semaforo rojo y senda peatonal<br>unnamed (1): <br>unnamed (2): <br>unnamed (3):,,,,,-1,0,-1,**********,,Analítica de video,-34.592409,-58.427077,Semaforo rojo y senda peatonal,,,
Av. Triunvirato y Av. Olazabal,Tipo de fiscalizador: Analítica de video<br>Latitud: -34.575443<br>Longitud: -58.484744<br>Conducta fiscalizada: Semaforo rojo y senda peatonal<br>unnamed (1): <br>unnamed (2): <br>unnamed (3):,,,,,-1,0,-1,**********,,Analítica de video,-34.575443,-58.484744,Semaforo rojo y senda peatonal,,,
Av. Bruix 4495,Tipo de fiscalizador: Cinemómetro<br>Latitud: -34.646741<br>Longitud: -58.487918<br>Conducta fiscalizada: Exceso de velocidad<br>unnamed (1): <br>unnamed (2): <br>unnamed (3):,,,,,-1,0,-1,**********,,Cinemómetro,-34.646741,-58.487918,Exceso de velocidad,,,
Av. Directorio 4155,Tipo de fiscalizador: Cinemómetro<br>Latitud: -34.642733<br>Longitud: -58.481786<br>Conducta fiscalizada: Exceso de velocidad<br>unnamed (1): <br>unnamed (2): <br>unnamed (3): #REF!,,,,,-1,0,-1,**********,,Cinemómetro,-34.642733,-58.481786,Exceso de velocidad,,,#REF!
"Au. Dellepiane, Luis km 1.15",Tipo de fiscalizador: Cinemómetro<br>Latitud: -34.677815<br>Longitud: -58.479359<br>Conducta fiscalizada: Exceso de velocidad<br>unnamed (1): <br>unnamed (2): <br>unnamed (3): #REF!,,,,,-1,0,-1,**********,,Cinemómetro,-34.677815,-58.479359,Exceso de velocidad,,,#REF!
Calle Irigoyen 1775,Tipo de fiscalizador: Cinemómetro<br>Latitud: -34.624617<br>Longitud: -58.521342<br>Conducta fiscalizada: Exceso de velocidad<br>unnamed (1): <br>unnamed (2): <br>unnamed (3): #REF!,,,,,-1,0,-1,**********,,Cinemómetro,-34.624617,-58.521342,Exceso de velocidad,,,#REF!
Calle Galván 3640,Tipo de fiscalizador: Cinemómetro<br>Latitud: -34.560784<br>Longitud: -58.492214<br>Conducta fiscalizada: Exceso de velocidad<br>unnamed (1): <br>unnamed (2): <br>unnamed (3): #REF!,,,,,-1,0,-1,**********,,Cinemómetro,-34.560784,-58.492214,Exceso de velocidad,,,#REF!
Av. 27 de febrero 10500,Tipo de fiscalizador: Cinemómetro<br>Latitud: -34.698835<br>Longitud: -58.456327<br>Conducta fiscalizada: Exceso de velocidad<br>unnamed (1): <br>unnamed (2): <br>unnamed (3): #REF!,,,,,-1,0,-1,**********,,Cinemómetro,-34.698835,-58.456327,Exceso de velocidad,,,#REF!
Av. 27 de febrero 10500,Tipo de fiscalizador: Cinemómetro<br>Latitud: -34.698835<br>Longitud: -58.456327<br>Conducta fiscalizada: Exceso de velocidad<br>unnamed (1): <br>unnamed (2): <br>unnamed (3): #REF!,,,,,-1,0,-1,**********,,Cinemómetro,-34.698835,-58.456327,Exceso de velocidad,,,#REF!
"Au. Illia, Arturo Humberto km 1.2",Tipo de fiscalizador: Cinemómetro<br>Latitud: -34.582714<br>Longitud: -58.381579<br>Conducta fiscalizada: Exceso de velocidad<br>unnamed (1): <br>unnamed (2): <br>unnamed (3): #REF!,,,,,-1,0,-1,**********,,Cinemómetro,-34.582714,-58.381579,Exceso de velocidad,,,#REF!
"Au. Illia, Arturo Humberto km 3.9",Tipo de fiscalizador: Cinemómetro<br>Latitud: -34.567341<br>Longitud: -58.407185<br>Conducta fiscalizada: Exceso de velocidad<br>unnamed (1): <br>unnamed (2): <br>unnamed (3): #REF!,,,,,-1,0,-1,**********,,Cinemómetro,-34.567341,-58.407185,Exceso de velocidad,,,#REF!
"Au. Illia, Arturo Humberto km 3.9",Tipo de fiscalizador: Cinemómetro<br>Latitud: -34.567341<br>Longitud: -58.407185<br>Conducta fiscalizada: Exceso de velocidad<br>unnamed (1): <br>unnamed (2): <br>unnamed (3): #REF!,,,,,-1,0,-1,**********,,Cinemómetro,-34.567341,-58.407185,Exceso de velocidad,,,#REF!
Au. Perito Moreno km 4.5,Tipo de fiscalizador: Cinemómetro<br>Latitud: -34.645308<br>Longitud: -58.486354<br>Conducta fiscalizada: Exceso de velocidad<br>unnamed (1): <br>unnamed (2): <br>unnamed (3): #REF!,,,,,-1,0,-1,**********,,Cinemómetro,-34.645308,-58.486354,Exceso de velocidad,,,#REF!
Au. Perito Moreno km 4.5,Tipo de fiscalizador: Cinemómetro<br>Latitud: -34.645308<br>Longitud: -58.486354<br>Conducta fiscalizada: Exceso de velocidad<br>unnamed (1): <br>unnamed (2): <br>unnamed (3): #REF!,,,,,-1,0,-1,**********,,Cinemómetro,-34.645308,-58.486354,Exceso de velocidad,,,#REF!
Au. 25 de mayo km 8.4,Tipo de fiscalizador: Cinemómetro<br>Latitud: -34.62278<br>Longitud: -58.379774<br>Conducta fiscalizada: Exceso de velocidad<br>unnamed (1): <br>unnamed (2): <br>unnamed (3): #REF!,,,,,-1,0,-1,**********,,Cinemómetro,-34.62278,-58.379774,Exceso de velocidad,,,#REF!
"Au. Illia, Arturo Humberto km 1.2",Tipo de fiscalizador: Cinemómetro<br>Latitud: -34.582546<br>Longitud: -58.381472<br>Conducta fiscalizada: Exceso de velocidad<br>unnamed (1): <br>unnamed (2): <br>unnamed (3): #REF!,,,,,-1,0,-1,**********,,Cinemómetro,-34.582546,-58.381472,Exceso de velocidad,,,#REF!
"Au. Frondizi, Arturo km 0.5",Tipo de fiscalizador: Cinemómetro<br>Latitud: -34.647174<br>Longitud: -58.374735<br>Conducta fiscalizada: Exceso de velocidad<br>unnamed (1): <br>unnamed (2): <br>unnamed (3): #REF!,,,,,-1,0,-1,**********,,Cinemómetro,-34.647174,-58.374735,Exceso de velocidad,,,#REF!
Av. Figueroa Alcorta 4750,Tipo de fiscalizador: Cinemómetro<br>Latitud: -34.56825<br>Longitud: -58.41608<br>Conducta fiscalizada: Exceso de velocidad<br>unnamed (1): <br>unnamed (2): <br>unnamed (3): #REF!,,,,,-1,0,-1,**********,,Cinemómetro,-34.56825,-58.41608,Exceso de velocidad,,,#REF!
Av. Rivadavia 10741,Tipo de fiscalizador: Cinemómetro<br>Latitud: -34.639139<br>Longitud: -58.515007<br>Conducta fiscalizada: Exceso de velocidad<br>unnamed (1): <br>unnamed (2): <br>unnamed (3): #REF!,,,,,-1,0,-1,**********,,Cinemómetro,-34.639139,-58.515007,Exceso de velocidad,,,#REF!
Av. Del Libertador 5275,Tipo de fiscalizador: Cinemómetro<br>Latitud: -34.562421<br>Longitud: -58.440355<br>Conducta fiscalizada: Exceso de velocidad<br>unnamed (1): <br>unnamed (2): <br>unnamed (3): #REF!,,,,,-1,0,-1,**********,,Cinemómetro,-34.562421,-58.440355,Exceso de velocidad,,,#REF!
Au. 25 de mayo km 8.4,Tipo de fiscalizador: Cinemómetro<br>Latitud: -34.622886<br>Longitud: -58.379715<br>Conducta fiscalizada: Exceso de velocidad<br>unnamed (1): <br>unnamed (2): <br>unnamed (3): #REF!,,,,,-1,0,-1,**********,,Cinemómetro,-34.622886,-58.379715,Exceso de velocidad,,,#REF!
Av. Gral. Mosconi 3043,Tipo de fiscalizador: Cinemómetro<br>Latitud: -34.587261<br>Longitud: -58.503966<br>Conducta fiscalizada: Exceso de velocidad<br>unnamed (1): <br>unnamed (2): <br>unnamed (3): #REF!,,,,,-1,0,-1,**********,,Cinemómetro,-34.587261,-58.503966,Exceso de velocidad,,,#REF!
Av. Sarmiento 4290,Tipo de fiscalizador: Cinemómetro<br>Latitud: -34.57011<br>Longitud: -58.410626<br>Conducta fiscalizada: Exceso de velocidad<br>unnamed (1): <br>unnamed (2): <br>unnamed (3): #REF!,,,,,-1,0,-1,**********,,Cinemómetro,-34.57011,-58.410626,Exceso de velocidad,,,#REF!
Av. San Juan 2507,Tipo de fiscalizador: Cinemómetro<br>Latitud: -34.62351<br>Longitud: -58.400497<br>Conducta fiscalizada: Exceso de velocidad<br>unnamed (1): <br>unnamed (2): <br>unnamed (3): #REF!,,,,,-1,0,-1,**********,,Cinemómetro,-34.62351,-58.400497,Exceso de velocidad,,,#REF!
Av. Juan B. Justo 8736,Tipo de fiscalizador: Cinemómetro<br>Latitud: -34.634205<br>Longitud: -58.512419<br>Conducta fiscalizada: Exceso de velocidad<br>unnamed (1): <br>unnamed (2): <br>unnamed (3): #REF!,,,,,-1,0,-1,**********,,Cinemómetro,-34.634205,-58.512419,Exceso de velocidad,,,#REF!
Av. Independencia 2660,Tipo de fiscalizador: Cinemómetro<br>Latitud: -34.618768<br>Longitud: -58.403085<br>Conducta fiscalizada: Exceso de velocidad<br>unnamed (1): <br>unnamed (2): <br>unnamed (3): #REF!,,,,,-1,0,-1,**********,,Cinemómetro,-34.618768,-58.403085,Exceso de velocidad,,,#REF!
Av. Triunvirato 6300,Tipo de fiscalizador: Cinemómetro<br>Latitud: -34.560037<br>Longitud: -58.49607<br>Conducta fiscalizada: Exceso de velocidad<br>unnamed (1): <br>unnamed (2): <br>unnamed (3): #REF!,,,,,-1,0,-1,**********,,Cinemómetro,-34.560037,-58.49607,Exceso de velocidad,,,#REF!
Av. San Juan 2735,Tipo de fiscalizador: Cinemómetro<br>Latitud: -34.623819<br>Longitud: -58.403072<br>Conducta fiscalizada: Exceso de velocidad<br>unnamed (1): <br>unnamed (2): <br>unnamed (3): #REF!,,,,,-1,0,-1,**********,,Cinemómetro,-34.623819,-58.403072,Exceso de velocidad,,,#REF!
Av. Belgrano 3349,Tipo de fiscalizador: Cinemómetro<br>Latitud: -34.615279<br>Longitud: -58.413742<br>Conducta fiscalizada: Exceso de velocidad<br>unnamed (1): <br>unnamed (2): <br>unnamed (3): #REF!,,,,,-1,0,-1,**********,,Cinemómetro,-34.615279,-58.413742,Exceso de velocidad,,,#REF!
Av. Figueroa Alcorta 6180,Tipo de fiscalizador: Cinemómetro<br>Latitud: -34.558211<br>Longitud: -58.428843<br>Conducta fiscalizada: Exceso de velocidad<br>unnamed (1): <br>unnamed (2): <br>unnamed (3): #REF!,,,,,-1,0,-1,**********,,Cinemómetro,-34.558211,-58.428843,Exceso de velocidad,,,#REF!
Au. Perito Moreno km 4.8,Tipo de fiscalizador: Cinemómetro<br>Latitud: -34.646162<br>Longitud: -58.484752<br>Conducta fiscalizada: Exceso de velocidad<br>unnamed (1): <br>unnamed (2): <br>unnamed (3): #REF!,,,,,-1,0,-1,**********,,Cinemómetro,-34.646162,-58.484752,Exceso de velocidad,,,#REF!
Au. Perito Moreno km 4.8,Tipo de fiscalizador: Cinemómetro<br>Latitud: -34.646162<br>Longitud: -58.484752<br>Conducta fiscalizada: Exceso de velocidad<br>unnamed (1): <br>unnamed (2): <br>unnamed (3): #REF!,,,,,-1,0,-1,**********,,Cinemómetro,-34.646162,-58.484752,Exceso de velocidad,,,#REF!
Au. Perito Moreno km 2.9,Tipo de fiscalizador: Cinemómetro<br>Latitud: -34.635783<br>Longitud: -58.499819<br>Conducta fiscalizada: Exceso de velocidad<br>unnamed (1): <br>unnamed (2): <br>unnamed (3): #REF!,,,,,-1,0,-1,**********,,Cinemómetro,-34.635783,-58.499819,Exceso de velocidad,,,#REF!
Au. Perito Moreno km 2.9,Tipo de fiscalizador: Cinemómetro<br>Latitud: -34.635783<br>Longitud: -58.499819<br>Conducta fiscalizada: Exceso de velocidad<br>unnamed (1): <br>unnamed (2): <br>unnamed (3): #REF!,,,,,-1,0,-1,**********,,Cinemómetro,-34.635783,-58.499819,Exceso de velocidad,,,#REF!
Au. Arturo Frondizi km 2.0,Tipo de fiscalizador: Cinemómetro<br>Latitud: -34.634808<br>Longitud: -58.37771<br>Conducta fiscalizada: Exceso de velocidad<br>unnamed (1): <br>unnamed (2): <br>unnamed (3): #REF!,,,,,-1,0,-1,**********,,Cinemómetro,-34.634808,-58.37771,Exceso de velocidad,,,#REF!
"Au. Cantilo, Int. km 8.7",Tipo de fiscalizador: Cinemómetro<br>Latitud: -34.541997<br>Longitud: -58.448972<br>Conducta fiscalizada: Exceso de velocidad<br>unnamed (1): <br>unnamed (2): <br>unnamed (3): #REF!,,,,,-1,0,-1,**********,,Cinemómetro,-34.541997,-58.448972,Exceso de velocidad,,,#REF!
"Au. Dellepiane, Luis km 2.3",Tipo de fiscalizador: Cinemómetro<br>Latitud: -34.667847<br>Longitud: -58.474628<br>Conducta fiscalizada: Exceso de velocidad<br>unnamed (1): <br>unnamed (2): <br>unnamed (3): #REF!,,,,,-1,0,-1,**********,,Cinemómetro,-34.667847,-58.474628,Exceso de velocidad,,,#REF!
Av. Estado de Israel 4496,Tipo de fiscalizador: Cinemómetro<br>Latitud: -34.598505<br>Longitud: -58.428523<br>Conducta fiscalizada: Exceso de velocidad<br>unnamed (1): <br>unnamed (2): <br>unnamed (3): #REF!,,,,,-1,0,-1,**********,,Cinemómetro,-34.598505,-58.428523,Exceso de velocidad,,,#REF!
"Av. Garay, Juan de 2030",Tipo de fiscalizador: Cinemómetro<br>Latitud: -34.627578<br>Longitud: -58.39362<br>Conducta fiscalizada: Exceso de velocidad<br>unnamed (1): <br>unnamed (2): <br>unnamed (3):,,,,,-1,0,-1,**********,,Cinemómetro,-34.627578,-58.39362,Exceso de velocidad,,,
Av. San Pedrito 418,Tipo de fiscalizador: Cinemómetro<br>Latitud: -34.635933<br>Longitud: -58.467221<br>Conducta fiscalizada: Exceso de velocidad<br>unnamed (1): <br>unnamed (2): <br>unnamed (3):,,,,,-1,0,-1,**********,,Cinemómetro,-34.635933,-58.467221,Exceso de velocidad,,,
Av. Jujuy 1794,Tipo de fiscalizador: Cinemómetro<br>Latitud: -34.631125<br>Longitud: -58.400724<br>Conducta fiscalizada: Exceso de velocidad<br>unnamed (1): <br>unnamed (2): <br>unnamed (3):,,,,,-1,0,-1,**********,,Cinemómetro,-34.631125,-58.400724,Exceso de velocidad,,,
Av. Elcano 4430,Tipo de fiscalizador: Cinemómetro<br>Latitud: -34.587943<br>Longitud: -58.463905<br>Conducta fiscalizada: Exceso de velocidad<br>unnamed (1): <br>unnamed (2): <br>unnamed (3):,,,,,-1,0,-1,**********,,Cinemómetro,-34.587943,-58.463905,Exceso de velocidad,,,
Av. 27 de febrero 8375,Tipo de fiscalizador: Cinemómetro<br>Latitud: -34.683218<br>Longitud: -58.443227<br>Conducta fiscalizada: Exceso de velocidad<br>unnamed (1): <br>unnamed (2): <br>unnamed (3):,,,,,-1,0,-1,**********,,Cinemómetro,-34.683218,-58.443227,Exceso de velocidad,,,
Av. Directorio 3078,Tipo de fiscalizador: Cinemómetro<br>Latitud: -34.636173<br>Longitud: -58.469959<br>Conducta fiscalizada: Exceso de velocidad<br>unnamed (1): <br>unnamed (2): <br>unnamed (3):,,,,,-1,0,-1,**********,,Cinemómetro,-34.636173,-58.469959,Exceso de velocidad,,,
"Calle Larralde, Crisólogo 6037",Tipo de fiscalizador: Cinemómetro<br>Latitud: -34.567206<br>Longitud: -58.504409<br>Conducta fiscalizada: Exceso de velocidad<br>unnamed (1): <br>unnamed (2): <br>unnamed (3):,,,,,-1,0,-1,**********,,Cinemómetro,-34.567206,-58.504409,Exceso de velocidad,,,
"Au. Lugones, Leopoldo km 8.7",Tipo de fiscalizador: Cinemómetro<br>Latitud: -34.542608<br>Longitud: -58.449202<br>Conducta fiscalizada: Exceso de velocidad<br>unnamed (1): <br>unnamed (2): <br>unnamed (3):,,,,,-1,0,-1,**********,,Cinemómetro,-34.542608,-58.449202,Exceso de velocidad,,,
"Au. Lugones, Leopoldo km 8.7",Tipo de fiscalizador: Cinemómetro<br>Latitud: -34.542608<br>Longitud: -58.449202<br>Conducta fiscalizada: Exceso de velocidad<br>unnamed (1): <br>unnamed (2): <br>unnamed (3):,,,,,-1,0,-1,**********,,Cinemómetro,-34.542608,-58.449202,Exceso de velocidad,,,
"Au. Dellepiane, Luis km 1.15",Tipo de fiscalizador: Cinemómetro<br>Latitud: -34.677866<br>Longitud: -58.479048<br>Conducta fiscalizada: Exceso de velocidad<br>unnamed (1): <br>unnamed (2): <br>unnamed (3):,,,,,-1,0,-1,**********,,Cinemómetro,-34.677866,-58.479048,Exceso de velocidad,,,
"Calle Larralde, Crisólogo 5281",Tipo de fiscalizador: Cinemómetro<br>Latitud: -34.562812<br>Longitud: -58.495362<br>Conducta fiscalizada: Exceso de velocidad<br>unnamed (1): <br>unnamed (2): <br>unnamed (3):,,,,,-1,0,-1,**********,,Cinemómetro,-34.562812,-58.495362,Exceso de velocidad,,,
"Au. Frondizi, Arturo km 2.6",Tipo de fiscalizador: Cinemómetro<br>Latitud: -34.627679<br>Longitud: -58.379081<br>Conducta fiscalizada: Exceso de velocidad<br>unnamed (1): <br>unnamed (2): <br>unnamed (3):,,,,,-1,0,-1,**********,,Cinemómetro,-34.627679,-58.379081,Exceso de velocidad,,,
"Au. Moreno, Perito km 0.3",Tipo de fiscalizador: Cinemómetro<br>Latitud: -34.6349<br>Longitud: -58.527448<br>Conducta fiscalizada: Exceso de velocidad<br>unnamed (1): <br>unnamed (2): <br>unnamed (3):,,,,,-1,0,-1,**********,,Cinemómetro,-34.6349,-58.527448,Exceso de velocidad,,,
Av. Del Libertador 7725,Tipo de fiscalizador: Cinemómetro<br>Latitud: -34.54308<br>Longitud: -58.461405<br>Conducta fiscalizada: Exceso de velocidad<br>unnamed (1): <br>unnamed (2): <br>unnamed (3):,,,,,-1,0,-1,**********,,Cinemómetro,-34.54308,-58.461405,Exceso de velocidad,,,
Av. De los Constituyentes 3264,Tipo de fiscalizador: Cinemómetro<br>Latitud: -34.590602<br>Longitud: -58.480313<br>Conducta fiscalizada: Exceso de velocidad<br>unnamed (1): <br>unnamed (2): <br>unnamed (3):,,,,,-1,0,-1,**********,,Cinemómetro,-34.590602,-58.480313,Exceso de velocidad,,,
"Av. Obligado, Rafael 4845",Tipo de fiscalizador: Cinemómetro<br>Latitud: -34.552064<br>Longitud: -58.426615<br>Conducta fiscalizada: Exceso de velocidad<br>unnamed (1): <br>unnamed (2): <br>unnamed (3):,,,,,-1,0,-1,**********,,Cinemómetro,-34.552064,-58.426615,Exceso de velocidad,,,
Av. Figueroa Alcorta 2210,Tipo de fiscalizador: Cinemómetro<br>Latitud: -34.5837<br>Longitud: -58.391703<br>Conducta fiscalizada: Exceso de velocidad<br>unnamed (1): <br>unnamed (2): <br>unnamed (3):,,,,,-1,0,-1,**********,,Cinemómetro,-34.5837,-58.391703,Exceso de velocidad,,,
Av. Del Libertador 5666,Tipo de fiscalizador: Cinemómetro<br>Latitud: -34.559786<br>Longitud: -58.445175<br>Conducta fiscalizada: Exceso de velocidad<br>unnamed (1): <br>unnamed (2): <br>unnamed (3):,,,,,-1,0,-1,**********,,Cinemómetro,-34.559786,-58.445175,Exceso de velocidad,,,
Av. Gaona 1852,Tipo de fiscalizador: Cinemómetro<br>Latitud: -34.611735<br>Longitud: -58.454193<br>Conducta fiscalizada: Exceso de velocidad<br>unnamed (1): <br>unnamed (2): <br>unnamed (3):,,,,,-1,0,-1,**********,,Cinemómetro,-34.611735,-58.454193,Exceso de velocidad,,,
Av. Sarmiento 3480,Tipo de fiscalizador: Cinemómetro<br>Latitud: -34.5738<br>Longitud: -58.413855<br>Conducta fiscalizada: Exceso de velocidad<br>unnamed (1): <br>unnamed (2): <br>unnamed (3):,,,,,-1,0,-1,**********,,Cinemómetro,-34.5738,-58.413855,Exceso de velocidad,,,
Av. Dorrego 3370,Tipo de fiscalizador: Cinemómetro<br>Latitud: -34.571904<br>Longitud: -58.425513<br>Conducta fiscalizada: Exceso de velocidad<br>unnamed (1): <br>unnamed (2): <br>unnamed (3):,,,,,-1,0,-1,**********,,Cinemómetro,-34.571904,-58.425513,Exceso de velocidad,,,
Av. Brasil 2085,Tipo de fiscalizador: Cinemómetro<br>Latitud: -34.629948<br>Longitud: -58.393885<br>Conducta fiscalizada: Exceso de velocidad<br>unnamed (1): <br>unnamed (2): <br>unnamed (3):,,,,,-1,0,-1,**********,,Cinemómetro,-34.629948,-58.393885,Exceso de velocidad,,,
Av. Donado 3660,Tipo de fiscalizador: Cinemómetro<br>Latitud: -34.557964<br>Longitud: -58.486566<br>Conducta fiscalizada: Exceso de velocidad<br>unnamed (1): <br>unnamed (2): <br>unnamed (3):,,,,,-1,0,-1,**********,,Cinemómetro,-34.557964,-58.486566,Exceso de velocidad,,,
Av. San Juan 730,Tipo de fiscalizador: Cinemómetro<br>Latitud: -34.622106<br>Longitud: -58.376237<br>Conducta fiscalizada: Exceso de velocidad<br>unnamed (1): <br>unnamed (2): <br>unnamed (3):,,,,,-1,0,-1,**********,,Cinemómetro,-34.622106,-58.376237,Exceso de velocidad,,,
"Au. Cantilo, Int. km 7.55",Tipo de fiscalizador: Cinemómetro<br>Latitud: -34.547917<br>Longitud: -58.438557<br>Conducta fiscalizada: Exceso de velocidad<br>unnamed (1): <br>unnamed (2): <br>unnamed (3):,,,,,-1,0,-1,**********,,Cinemómetro,-34.547917,-58.438557,Exceso de velocidad,,,
"Au. Frondizi, Arturo km 1.3",Tipo de fiscalizador: Cinemómetro<br>Latitud: -34.64009<br>Longitud: -58.376556<br>Conducta fiscalizada: Exceso de velocidad<br>unnamed (1): <br>unnamed (2): <br>unnamed (3):,,,,,-1,0,-1,**********,,Cinemómetro,-34.64009,-58.376556,Exceso de velocidad,,,
"Au. Dellepiane, Luis km 2.3",Tipo de fiscalizador: Cinemómetro<br>Latitud: -34.667696<br>Longitud: -58.474928<br>Conducta fiscalizada: Exceso de velocidad<br>unnamed (1): <br>unnamed (2): <br>unnamed (3):,,,,,-1,0,-1,**********,,Cinemómetro,-34.667696,-58.474928,Exceso de velocidad,,,
"Au. Cantilo, Int. km 9.8",Tipo de fiscalizador: Cinemómetro<br>Latitud: -34.537088<br>Longitud: -58.459187<br>Conducta fiscalizada: Exceso de velocidad<br>unnamed (1): <br>unnamed (2): <br>unnamed (3):,,,,,-1,0,-1,**********,,Cinemómetro,-34.537088,-58.459187,Exceso de velocidad,,,
"Au. Cantilo, Int. km 9.8",Tipo de fiscalizador: Cinemómetro<br>Latitud: -34.537088<br>Longitud: -58.459187<br>Conducta fiscalizada: Exceso de velocidad<br>unnamed (1): <br>unnamed (2): <br>unnamed (3):,,,,,-1,0,-1,**********,,Cinemómetro,-34.537088,-58.459187,Exceso de velocidad,,,
"Au. Lugones, Leopoldo km 9.8",Tipo de fiscalizador: Cinemómetro<br>Latitud: -34.537584<br>Longitud: -58.459687<br>Conducta fiscalizada: Exceso de velocidad<br>unnamed (1): <br>unnamed (2): <br>unnamed (3):,,,,,-1,0,-1,**********,,Cinemómetro,-34.537584,-58.459687,Exceso de velocidad,,,
"Au. Lugones, Leopoldo km 9.8",Tipo de fiscalizador: Cinemómetro<br>Latitud: -34.537584<br>Longitud: -58.459687<br>Conducta fiscalizada: Exceso de velocidad<br>unnamed (1): <br>unnamed (2): <br>unnamed (3):,,,,,-1,0,-1,**********,,Cinemómetro,-34.537584,-58.459687,Exceso de velocidad,,,
"Au. Lugones, Leopoldo km 7.6",Tipo de fiscalizador: Cinemómetro<br>Latitud: -34.548313<br>Longitud: -58.438831<br>Conducta fiscalizada: Exceso de velocidad<br>unnamed (1): <br>unnamed (2): <br>unnamed (3):,,,,,-1,0,-1,**********,,Cinemómetro,-34.548313,-58.438831,Exceso de velocidad,,,
"Au. Lugones, Leopoldo km 7.6",Tipo de fiscalizador: Cinemómetro<br>Latitud: -34.548313<br>Longitud: -58.438831<br>Conducta fiscalizada: Exceso de velocidad<br>unnamed (1): <br>unnamed (2): <br>unnamed (3):,,,,,-1,0,-1,**********,,Cinemómetro,-34.548313,-58.438831,Exceso de velocidad,,,
"Au. Lugones, Leopoldo km 4.9",Tipo de fiscalizador: Cinemómetro<br>Latitud: -34.563469<br>Longitud: -58.415145<br>Conducta fiscalizada: Exceso de velocidad<br>unnamed (1): <br>unnamed (2): <br>unnamed (3):,,,,,-1,0,-1,**********,,Cinemómetro,-34.563469,-58.415145,Exceso de velocidad,,,
Av. De los Constituyentes 5880,Tipo de fiscalizador: Cinemómetro<br>Latitud: -34.573042<br>Longitud: -58.503825<br>Conducta fiscalizada: Exceso de velocidad<br>unnamed (1): <br>unnamed (2): <br>unnamed (3):,,,,,-1,0,-1,**********,,Cinemómetro,-34.573042,-58.503825,Exceso de velocidad,,,
"Au. Lugones, Leopoldo km 4.9",Tipo de fiscalizador: Cinemómetro<br>Latitud: -34.563469<br>Longitud: -58.415145<br>Conducta fiscalizada: Exceso de velocidad<br>unnamed (1): <br>unnamed (2): <br>unnamed (3):,,,,,-1,0,-1,**********,,Cinemómetro,-34.563469,-58.415145,Exceso de velocidad,,,
Au. Au1 - Au6 Ramal de transición km 0.1,Tipo de fiscalizador: Cinemómetro<br>Latitud: -34.647662<br>Longitud: -58.464551<br>Conducta fiscalizada: Exceso de velocidad<br>unnamed (1): <br>unnamed (2): <br>unnamed (3):,,,,,-1,0,-1,**********,,Cinemómetro,-34.647662,-58.464551,Exceso de velocidad,,,
Av. Dorrego 3700,Tipo de fiscalizador: Cinemómetro<br>Latitud: -34.566905<br>Longitud: -58.420924<br>Conducta fiscalizada: Exceso de velocidad<br>unnamed (1): <br>unnamed (2): <br>unnamed (3):,,,,,-1,0,-1,**********,,Cinemómetro,-34.566905,-58.420924,Exceso de velocidad,,,
Av. Dorrego 3701,Tipo de fiscalizador: Cinemómetro<br>Latitud: -34.56716<br>Longitud: -58.420969<br>Conducta fiscalizada: Exceso de velocidad<br>unnamed (1): <br>unnamed (2): <br>unnamed (3):,,,,,-1,0,-1,**********,,Cinemómetro,-34.56716,-58.420969,Exceso de velocidad,,,
"Av. Balbín, Ricardo 4640",Tipo de fiscalizador: Cinemómetro<br>Latitud: -34.554033<br>Longitud: -58.49738<br>Conducta fiscalizada: Exceso de velocidad<br>unnamed (1): <br>unnamed (2): <br>unnamed (3):,,,,,-1,0,-1,**********,,Cinemómetro,-34.554033,-58.49738,Exceso de velocidad,,,
"Av. Alberdi, Juan B. 1260",Tipo de fiscalizador: Cinemómetro<br>Latitud: -34.624328<br>Longitud: -58.445799<br>Conducta fiscalizada: Exceso de velocidad<br>unnamed (1): <br>unnamed (2): <br>unnamed (3):,,,,,-1,0,-1,**********,,Cinemómetro,-34.624328,-58.445799,Exceso de velocidad,,,
Au. 25 de mayo km 4.1,Tipo de fiscalizador: Cinemómetro<br>Latitud: -34.628748<br>Longitud: -58.42634<br>Conducta fiscalizada: Exceso de velocidad<br>unnamed (1): <br>unnamed (2): <br>unnamed (3):,,,,,-1,0,-1,**********,,Cinemómetro,-34.628748,-58.42634,Exceso de velocidad,,,
Au. 25 de mayo km 7.2,Tipo de fiscalizador: Cinemómetro<br>Latitud: -34.623799<br>Longitud: -58.392682<br>Conducta fiscalizada: Exceso de velocidad<br>unnamed (1): <br>unnamed (2): <br>unnamed (3):,,,,,-1,0,-1,**********,,Cinemómetro,-34.623799,-58.392682,Exceso de velocidad,,,
Au. 25 de mayo km 7.2,Tipo de fiscalizador: Cinemómetro<br>Latitud: -34.623799<br>Longitud: -58.392682<br>Conducta fiscalizada: Exceso de velocidad<br>unnamed (1): <br>unnamed (2): <br>unnamed (3):,,,,,-1,0,-1,**********,,Cinemómetro,-34.623799,-58.392682,Exceso de velocidad,,,
Au. 25 de mayo km 4.1,Tipo de fiscalizador: Cinemómetro<br>Latitud: -34.628748<br>Longitud: -58.42634<br>Conducta fiscalizada: Exceso de velocidad<br>unnamed (1): <br>unnamed (2): <br>unnamed (3):,,,,,-1,0,-1,**********,,Cinemómetro,-34.628748,-58.42634,Exceso de velocidad,,,
"Au. Paz, General km 4.3",Tipo de fiscalizador: Cinemómetro<br>Latitud: -34.553849<br>Longitud: -58.501957<br>Conducta fiscalizada: Exceso de velocidad<br>unnamed (1): <br>unnamed (2): <br>unnamed (3):,,,,,-1,0,-1,**********,,Cinemómetro,-34.553849,-58.501957,Exceso de velocidad,,,
"Au. Paz, General km 4.3",Tipo de fiscalizador: Cinemómetro<br>Latitud: -34.553849<br>Longitud: -58.501957<br>Conducta fiscalizada: Exceso de velocidad<br>unnamed (1): <br>unnamed (2): <br>unnamed (3):,,,,,-1,0,-1,**********,,Cinemómetro,-34.553849,-58.501957,Exceso de velocidad,,,
"Au. Paz, General km 4.3",Tipo de fiscalizador: Cinemómetro<br>Latitud: -34.553849<br>Longitud: -58.501957<br>Conducta fiscalizada: Exceso de velocidad<br>unnamed (1): <br>unnamed (2): <br>unnamed (3):,,,,,-1,0,-1,**********,,Cinemómetro,-34.553849,-58.501957,Exceso de velocidad,,,
"Au. Paz, General km 4.3",Tipo de fiscalizador: Cinemómetro<br>Latitud: -34.553849<br>Longitud: -58.501957<br>Conducta fiscalizada: Exceso de velocidad<br>unnamed (1): <br>unnamed (2): <br>unnamed (3):,,,,,-1,0,-1,**********,,Cinemómetro,-34.553849,-58.501957,Exceso de velocidad,,,
Au. 25 de mayo km 5.3,Tipo de fiscalizador: Cinemómetro<br>Latitud: -34.626986<br>Longitud: -58.41329<br>Conducta fiscalizada: Exceso de velocidad<br>unnamed (1): <br>unnamed (2): <br>unnamed (3):,,,,,-1,0,-1,**********,,Cinemómetro,-34.626986,-58.41329,Exceso de velocidad,,,
Au. 25 de mayo km 5.3,Tipo de fiscalizador: Cinemómetro<br>Latitud: -34.626986<br>Longitud: -58.41329<br>Conducta fiscalizada: Exceso de velocidad<br>unnamed (1): <br>unnamed (2): <br>unnamed (3):,,,,,-1,0,-1,**********,,Cinemómetro,-34.626986,-58.41329,Exceso de velocidad,,,
Au. 25 de mayo km 7.0,Tipo de fiscalizador: Cinemómetro<br>Latitud: -34.624312<br>Longitud: -58.39481<br>Conducta fiscalizada: Exceso de velocidad<br>unnamed (1): <br>unnamed (2): <br>unnamed (3):,,,,,-1,0,-1,**********,,Cinemómetro,-34.624312,-58.39481,Exceso de velocidad,,,
Au. 25 de mayo km 7.0,Tipo de fiscalizador: Cinemómetro<br>Latitud: -34.624312<br>Longitud: -58.39481<br>Conducta fiscalizada: Exceso de velocidad<br>unnamed (1): <br>unnamed (2): <br>unnamed (3):,,,,,-1,0,-1,**********,,Cinemómetro,-34.624312,-58.39481,Exceso de velocidad,,,
"Au. Dellepiane, Luis km 1.15",Tipo de fiscalizador: Cinemómetro<br>Latitud: -34.677815<br>Longitud: -58.479359<br>Conducta fiscalizada: Exceso de velocidad<br>unnamed (1): <br>unnamed (2): <br>unnamed (3):,,,,,-1,0,-1,**********,,Cinemómetro,-34.677815,-58.479359,Exceso de velocidad,,,
Au. 25 de mayo km 8.4,Tipo de fiscalizador: Cinemómetro<br>Latitud: -34.62278<br>Longitud: -58.379774<br>Conducta fiscalizada: Exceso de velocidad<br>unnamed (1): <br>unnamed (2): <br>unnamed (3):,,,,,-1,0,-1,**********,,Cinemómetro,-34.62278,-58.379774,Exceso de velocidad,,,
"Au. Frondizi, Arturo km 0.5",Tipo de fiscalizador: Cinemómetro<br>Latitud: -34.647174<br>Longitud: -58.374735<br>Conducta fiscalizada: Exceso de velocidad<br>unnamed (1): <br>unnamed (2): <br>unnamed (3):,,,,,-1,0,-1,**********,,Cinemómetro,-34.647174,-58.374735,Exceso de velocidad,,,
"Au. Frondizi, Arturo km 2.0",Tipo de fiscalizador: Cinemómetro<br>Latitud: -34.634808<br>Longitud: -58.37771<br>Conducta fiscalizada: Exceso de velocidad<br>unnamed (1): <br>unnamed (2): <br>unnamed (3):,,,,,-1,0,-1,**********,,Cinemómetro,-34.634808,-58.37771,Exceso de velocidad,,,
Av. Figueroa Alcorta 6180,Tipo de fiscalizador: Cinemómetro<br>Latitud: -34.558211<br>Longitud: -58.428843<br>Conducta fiscalizada: Exceso de velocidad<br>unnamed (1): <br>unnamed (2): <br>unnamed (3):,,,,,-1,0,-1,**********,,Cinemómetro,-34.558211,-58.428843,Exceso de velocidad,,,
"Au. Cantilo, Int. km 8.7",Tipo de fiscalizador: Cinemómetro<br>Latitud: -34.541997<br>Longitud: -58.448972<br>Conducta fiscalizada: Exceso de velocidad<br>unnamed (1): <br>unnamed (2): <br>unnamed (3):,,,,,-1,0,-1,**********,,Cinemómetro,-34.541997,-58.448972,Exceso de velocidad,,,
"Au. Cantilo, Int. km 8.7",Tipo de fiscalizador: Cinemómetro<br>Latitud: -34.541997<br>Longitud: -58.448972<br>Conducta fiscalizada: Exceso de velocidad<br>unnamed (1): <br>unnamed (2): <br>unnamed (3):,,,,,-1,0,-1,**********,,Cinemómetro,-34.541997,-58.448972,Exceso de velocidad,,,
"Au. Dellepiane, Luis km 2.3",Tipo de fiscalizador: Cinemómetro<br>Latitud: -34.667847<br>Longitud: -58.474628<br>Conducta fiscalizada: Exceso de velocidad<br>unnamed (1): <br>unnamed (2): <br>unnamed (3):,,,,,-1,0,-1,**********,,Cinemómetro,-34.667847,-58.474628,Exceso de velocidad,,,
Av. Estado de Israel 4460,Tipo de fiscalizador: Cinemómetro<br>Latitud: -34.598505<br>Longitud: -58.428523<br>Conducta fiscalizada: Exceso de velocidad<br>unnamed (1): <br>unnamed (2): <br>unnamed (3):,,,,,-1,0,-1,**********,,Cinemómetro,-34.598505,-58.428523,Exceso de velocidad,,,
"Av. Garay, Juan de 2031",Tipo de fiscalizador: Cinemómetro<br>Latitud: -34.627578<br>Longitud: -58.39362<br>Conducta fiscalizada: Exceso de velocidad<br>unnamed (1): <br>unnamed (2): <br>unnamed (3):,,,,,-1,0,-1,**********,,Cinemómetro,-34.627578,-58.39362,Exceso de velocidad,,,
"Av. Perón, Eva 1825",Tipo de fiscalizador: Cinemómetro<br>Latitud: -34.635796<br>Longitud: -58.448878<br>Conducta fiscalizada: Exceso de velocidad<br>unnamed (1): <br>unnamed (2): <br>unnamed (3):,,,,,-1,0,-1,**********,,Cinemómetro,-34.635796,-58.448878,Exceso de velocidad,,,
"Av. Castro, Emilio 6281",Tipo de fiscalizador: Cinemómetro<br>Latitud: -34.649256<br>Longitud: -58.509924<br>Conducta fiscalizada: Exceso de velocidad<br>unnamed (1): <br>unnamed (2): <br>unnamed (3):,,,,,-1,0,-1,**********,,Cinemómetro,-34.649256,-58.509924,Exceso de velocidad,,,
"Au. Lugones, Leopoldo km 8.7",Tipo de fiscalizador: Cinemómetro<br>Latitud: -34.542608<br>Longitud: -58.449202<br>Conducta fiscalizada: Exceso de velocidad<br>unnamed (1): <br>unnamed (2): <br>unnamed (3):,,,,,-1,0,-1,**********,,Cinemómetro,-34.542608,-58.449202,Exceso de velocidad,,,
"Au. Dellepiane, Luis km 1.15",Tipo de fiscalizador: Cinemómetro<br>Latitud: -34.677866<br>Longitud: -58.479048<br>Conducta fiscalizada: Exceso de velocidad<br>unnamed (1): <br>unnamed (2): <br>unnamed (3):,,,,,-1,0,-1,**********,,Cinemómetro,-34.677866,-58.479048,Exceso de velocidad,,,
"Au. Lugones, Leopoldo km 7.6",Tipo de fiscalizador: Cinemómetro<br>Latitud: -34.548313<br>Longitud: -58.438831<br>Conducta fiscalizada: Exceso de velocidad<br>unnamed (1): <br>unnamed (2): <br>unnamed (3):,,,,,-1,0,-1,**********,,Cinemómetro,-34.548313,-58.438831,Exceso de velocidad,,,
Av. Díaz Vélez 3420,Tipo de fiscalizador: Cinemómetro<br>Latitud: -34.608335<br>Longitud: -58.414838<br>Conducta fiscalizada: Exceso de velocidad<br>unnamed (1): <br>unnamed (2): <br>unnamed (3):,,,,,-1,0,-1,**********,,Cinemómetro,-34.608335,-58.414838,Exceso de velocidad,,,
"Av. Newbery, Jorge 4733",Tipo de fiscalizador: Cinemómetro<br>Latitud: -34.594573<br>Longitud: -58.457205<br>Conducta fiscalizada: Exceso de velocidad<br>unnamed (1): <br>unnamed (2): <br>unnamed (3):,,,,,-1,0,-1,**********,,Cinemómetro,-34.594573,-58.457205,Exceso de velocidad,,,
Av. Chiclana 3474,Tipo de fiscalizador: Cinemómetro<br>Latitud: -34.636013<br>Longitud: -58.413545<br>Conducta fiscalizada: Exceso de velocidad<br>unnamed (1): <br>unnamed (2): <br>unnamed (3):,,,,,-1,0,-1,**********,,Cinemómetro,-34.636013,-58.413545,Exceso de velocidad,,,
"Av. Pueyrredón, Honorio 1815",Tipo de fiscalizador: Cinemómetro<br>Latitud: -34.600777<br>Longitud: -58.451289<br>Conducta fiscalizada: Exceso de velocidad<br>unnamed (1): <br>unnamed (2): <br>unnamed (3):,,,,,-1,0,-1,**********,,Cinemómetro,-34.600777,-58.451289,Exceso de velocidad,,,
"Av. Goyena, Pedro 805",Tipo de fiscalizador: Cinemómetro<br>Latitud: -34.62622<br>Longitud: -58.439244<br>Conducta fiscalizada: Exceso de velocidad<br>unnamed (1): <br>unnamed (2): <br>unnamed (3):,,,,,-1,0,-1,**********,,Cinemómetro,-34.62622,-58.439244,Exceso de velocidad,,,
Av. Elcano 4510,Tipo de fiscalizador: Cinemómetro<br>Latitud: -34.588939<br>Longitud: -58.464781<br>Conducta fiscalizada: Exceso de velocidad<br>unnamed (1): <br>unnamed (2): <br>unnamed (3):,,,,,-1,0,-1,**********,,Cinemómetro,-34.588939,-58.464781,Exceso de velocidad,,,
Cabildo 4740,Tipo de fiscalizador: Cinemómetro<br>Latitud: -34.541081<br>Longitud: -58.474297<br>Conducta fiscalizada: Exceso de velocidad<br>unnamed (1): <br>unnamed (2): <br>unnamed (3):,,,,,-1,0,-1,**********,,Cinemómetro,-34.541081,-58.474297,Exceso de velocidad,,,
Córdoba 3762,Tipo de fiscalizador: Cinemómetro<br>Latitud: -34.597818<br>Longitud: -58.419661<br>Conducta fiscalizada: Exceso de velocidad<br>unnamed (1): <br>unnamed (2): <br>unnamed (3):,,,,,-1,0,-1,**********,,Cinemómetro,-34.597818,-58.419661,Exceso de velocidad,,,
"Paz, General km 10.0",Tipo de fiscalizador: Cinemómetro<br>Latitud: -34.599446<br>Longitud: -58.523333<br>Conducta fiscalizada: Exceso de velocidad<br>unnamed (1): <br>unnamed (2): <br>unnamed (3):,,,,,-1,0,-1,**********,,Cinemómetro,-34.599446,-58.523333,Exceso de velocidad,,,
"Paz, General km 10.0",Tipo de fiscalizador: Cinemómetro<br>Latitud: -34.599446<br>Longitud: -58.523333<br>Conducta fiscalizada: Exceso de velocidad<br>unnamed (1): <br>unnamed (2): <br>unnamed (3):,,,,,-1,0,-1,**********,,Cinemómetro,-34.599446,-58.523333,Exceso de velocidad,,,
Independencia 1668,Tipo de fiscalizador: Cinemómetro<br>Latitud: -34.618124<br>Longitud: -58.389834<br>Conducta fiscalizada: Exceso de velocidad<br>unnamed (1): <br>unnamed (2): <br>unnamed (3):,,,,,-1,0,-1,**********,,Cinemómetro,-34.618124,-58.389834,Exceso de velocidad,,,
Juan B. Justo 2650,Tipo de fiscalizador: Cinemómetro<br>Latitud: -34.595415<br>Longitud: -58.445046<br>Conducta fiscalizada: Exceso de velocidad<br>unnamed (1): <br>unnamed (2): <br>unnamed (3):,,,,,-1,0,-1,**********,,Cinemómetro,-34.595415,-58.445046,Exceso de velocidad,,,
Paseo Colon 1451,Tipo de fiscalizador: Cinemómetro<br>Latitud: -34.624585<br>Longitud: -58.36812<br>Conducta fiscalizada: Exceso de velocidad<br>unnamed (1): <br>unnamed (2): <br>unnamed (3):,,,,,-1,0,-1,**********,,Cinemómetro,-34.624585,-58.36812,Exceso de velocidad,,,
Eva Perón 7280,Tipo de fiscalizador: Cinemómetro<br>Latitud: -34.673378<br>Longitud: -58.500386<br>Conducta fiscalizada: Exceso de velocidad<br>unnamed (1): <br>unnamed (2): <br>unnamed (3):,,,,,-1,0,-1,**********,,Cinemómetro,-34.673378,-58.500386,Exceso de velocidad,,,
